Gary,Cooper,adeuh@fewmalca.sv,(916) 382-4036,Mosutdom,29481
Jerry,Lamb,mec@suh.sy,(274) 844-4946,Piijeri,53549
Elijah,Shelton,lece@ejoke.hk,(919) 650-3885,Wabotucar,14025
Ada,Brady,zetinag@top.ht,(612) 246-4729,Nirlefcij,45262
Philip,Cannon,valoj@havubi.ir,(461) 792-6126,Vodonavo,37485
Mildred,Warner,ruz@ju.bj,(244) 641-6163,Bukcohulu,20838
Josephine,Weber,bolosej@hobpi.dm,(373) 422-5339,Doriev,38362
Myrtie,Williamson,jozuece@vog.mq,(904) 249-8037,Moradeje,73520
Pauline,Shaw,nuletew@goehazap.mn,(316) 814-1592,Sacbiweh,71016
Dora,Estrada,nu@cajbif.va,(516) 774-9805,Asegvi,30433
Jeremy,Vega,lirse@pumfoke.aw,(784) 729-3338,Dudwegce,06508
Eula,Carter,korbugu@ewnasga.nf,(217) 724-1009,Lignudim,71631
Grace,Johnston,ji@nibab.hn,(381) 724-2701,Devanli,95502
Ellen,Briggs,dutarja@mipofi.lc,(275) 473-2926,Fignumu,96033
Lloyd,Santos,miomig@wipoz.jp,(379) 614-6019,Radnufu,17034
Grace,Flores,latow@dippagig.bn,(418) 211-8304,Gucfuhal,87245
Frederick,Graves,esi@gu.ws,(906) 906-3618,Peckaifu,54118
Julian,Reese,epo@be.ni,(528) 458-3419,Wobeko,90633
Steven,Bailey,tor@kavmi.cg,(574) 791-7986,Niejegu,92455
Alejandro,Ferguson,camijmo@vorujev.mt,(989) 314-9663,Garuwja,35822
Jason,Wade,niw@afdepju.do,(389) 877-1175,Urvothoj,54835
Brian,Sims,wuhawugo@najgaf.lv,(434) 707-8217,Efaful,44805
Jerry,Chavez,mivet@kaoco.lu,(236) 387-6393,Wubujwit,80933
Carlos,Pratt,ladab@de.nr,(729) 462-4637,Ihaduveg,54662
Rosa,White,iklezta@fifcu.bt,(724) 911-2938,Sizismuf,33096
Gavin,Terry,legkun@wuakbid.ua,(405) 312-6820,Suchohis,11449
Hettie,Leonard,ur@lesew.ua,(466) 865-9726,Agduwa,50596
Blanche,Blake,wula@eguka.ye,(968) 787-8848,Inotica,40886
Mason,Gibson,mu@zo.gy,(703) 501-8399,Muhelag,61014
Jane,Walker,zoja@wewa.hr,(970) 818-6610,Niddenwaj,88031
Lucas,Gardner,cu@ca.mk,(413) 732-5307,Detidvif,34043
Jose,Joseph,mez@veahi.hk,(940) 736-9097,Rajkinin,17556
Cecelia,Carlson,coc@ej.fr,(669) 889-7244,Volebve,51031
Rodney,Pena,walor@wipa.lv,(283) 822-2808,Liswossem,16226
Tillie,Lyons,dukobuka@od.gp,(647) 244-2252,Lufsebpif,80346
Alma,Long,gupbes@rudlaj.vg,(748) 399-9172,Cilurwed,31504
Dora,Ortiz,ti@nizhitiz.sr,(226) 889-2793,Ivlugi,32277
Barry,Sutton,zifnipwe@la.ac,(905) 238-2606,Fanmoszog,98188
Frances,Graves,muprutgir@cezpu.im,(514) 708-3322,Kohumujam,89717
Madge,Newton,pi@occowaz.it,(557) 398-5209,Laikdik,55922
Joe,Bryant,gecef@ra.kp,(455) 458-4406,Oriuvmar,32603
Madge,Kim,bebmuw@sozbeftog.lb,(407) 955-9902,Oloudvug,45470
Mable,Martinez,ol@girucmo.jm,(509) 820-7544,Egolunu,16497
Eddie,Mason,ki@ape.al,(653) 764-7650,Kavmozcak,07152
Violet,Wright,umitajo@itnamfa.ck,(244) 661-8626,Lohena,03568
Sean,King,lalej@vaz.gf,(802) 346-4118,Lagedur,22358
Esther,Martinez,ezzo@jul.mp,(413) 282-6755,Girpukal,93920
Brandon,May,bete@bifham.eu,(478) 626-3261,Edgopem,99945
George,Stephens,fuc@ekeowi.pr,(341) 316-8816,Sakjatgo,47967
Francis,Soto,vezufo@jo.ar,(226) 410-3682,Faeguza,40454
Ricardo,Saunders,eduvoos@hepjahba.bd,(259) 745-7502,Elovuak,12338
Estelle,Campbell,olibimnuv@miha.pr,(750) 276-4969,Vuimij,01917
Warren,Brooks,izuba@na.eu,(288) 531-5123,Zehloboli,39432
Robert,Salazar,set@ud.fj,(379) 678-2693,Kimsutif,32851
Jayden,McKinney,adwiaja@je.mn,(223) 872-7923,Widutafi,76813
Mae,Price,fuvbofbun@rofwet.hr,(977) 249-9317,Waotaw,93867
Leona,Nash,hufum@cema.eu,(909) 903-9407,Edcetuk,34351
Teresa,Brock,rohon@lunto.kg,(279) 239-2119,Bouttob,69564
Robert,Jackson,namroke@to.ve,(540) 432-6645,Sodjuvpug,52846
Elsie,Sandoval,gi@eto.pa,(588) 866-1977,Behalcus,85343
Bess,Riley,efcikhi@pialo.so,(937) 422-3155,Bialluf,78965
Adam,Soto,nukja@ivkowe.gl,(449) 945-5205,Ibfeeje,91403
Herbert,Marshall,vad@mim.eg,(838) 322-5733,Pikumut,90799
Brent,Jacobs,suatehe@gucul.zm,(746) 229-9928,Maodetoj,67449
Randy,Wise,hi@umonaf.ve,(814) 301-6849,Wifhefne,02565
Martha,Joseph,peki@bes.kz,(251) 870-3393,Viwcadi,29657
Effie,Cross,zib@taus.ml,(754) 482-5953,Tawuncus,38604
Myra,Cox,nu@webiwli.sb,(308) 573-4555,Wugsadgew,83834
Benjamin,Lloyd,bejogag@koh.ga,(534) 521-5311,Bonzojej,33215
Virgie,Colon,gav@nedfaar.ca,(562) 770-6598,Digmicbe,96539
Polly,Hampton,egofiz@mo.tt,(635) 791-9750,Dietoija,57572
Micheal,Norman,zafo@tu.gg,(573) 661-2129,Ehpawtef,29709
Gussie,Jordan,pagevzeg@omofuh.ec,(489) 340-9797,Hiosaka,05939
Albert,Burke,pih@etoahesuw.ad,(664) 365-9636,Alsawi,09663
Emma,Simpson,irofevo@seulke.so,(410) 218-5200,Teziave,98980
Estella,Lindsey,gokawhis@hut.ng,(745) 400-3962,Dubijnu,06610
Sallie,Ball,bumce@gaowpam.bw,(407) 396-1242,Miodlid,44046
Ola,Becker,hodcos@zut.mz,(230) 478-4617,Siwfomis,46710
Stephen,Castro,judina@giatofag.rw,(652) 812-8589,Mimido,74986
Luke,Dennis,ewucusiv@wajjogip.np,(486) 269-2714,Uwbaev,95093
Minnie,Wells,to@vo.do,(962) 694-7441,Ewinowe,10458
Mabelle,McKenzie,ectus@pajmuwe.tw,(609) 707-6039,Fakopav,19006
Tyler,White,sosof@cuugu.tm,(717) 476-9624,Muvibi,90210
Olivia,Glover,teunaat@ke.pn,(919) 423-6935,Jecpela,91502
Francis,Dennis,kafzi@pelwe.bb,(746) 428-8944,Rujuto,50567
Kyle,Freeman,be@ricjume.er,(788) 563-8505,Asejsuc,40688
Ida,Adkins,bov@bojton.mu,(518) 553-1220,Timwohad,95080
Dominic,Sharp,lagluj@hij.gy,(728) 929-8360,Lithosdag,59818
Luella,Vaughn,ot@suzec.al,(845) 572-4232,Emrispav,11296
Jane,Bryant,raoh@kevmorih.wf,(570) 815-4401,Dosebtus,89538
Tom,Harper,zuc@votosec.kg,(883) 202-9972,Pumamig,13450
Randy,Hicks,ic@podamo.om,(226) 399-4395,Wehucwe,13189
Nicholas,Greene,wevze@tanka.hu,(620) 507-5433,Deicaze,36568
Clyde,Peters,pimo@ek.gb,(869) 575-3846,Nibkohe,49181
Cole,Tate,dewdu@co.tg,(803) 968-7545,Geozgom,06925
Sallie,Holloway,giwoar@puhuv.kh,(369) 594-3318,Duzwuzjup,81583
Herbert,Bowman,zi@bakrud.ao,(716) 501-5385,Luvocra,57170
Shawn,Norman,le@duf.pk,(315) 209-9836,Vewucu,29132
Christine,Ramos,degigfav@agaje.at,(688) 273-3886,Zobofli,84173
Birdie,Wilkerson,wudfa@lesuli.ki,(533) 793-3564,Jeulumah,29439